{"cameraMode":{"drawMode":0,"name":"Shaded","section":"Shading Mode"},"sceneLighting":false,"audioPlay":false,"sceneViewState":{"m_AlwaysRefresh":false,"showFog":true,"showSkybox":false,"showFlares":true,"showImageEffects":true,"showParticleSystems":true,"showVisualEffectGraphs":true,"m_FxEnabled":true},"in2DMode":false,"pivot":{"x":-6.158999919891357,"y":0.7000000476837158,"z":-5.047999858856201},"rotation":{"x":0.2963525950908661,"y":0.06069104000926018,"z":-0.018874844536185266,"w":0.9529634118080139},"size":0.9072239995002747,"orthographic":true}